4567|10' 2x4  (grade B)|9.99
1234|Hammer|19.49
2345|Box of nails|9.29
9154|9-in-1 Ratcheting Screwdriver|24.97
1648|10" Crescent Wrench|15.95
9876|Mechanics Tool Set|119.00
1212|2" Spring Clamp|.99
3434|Large Trigger Clamps|36.9750|Coke 24pk|13.0|100
35|Cools 24pk|11.0|50
70|Pepsi 24pk|12.0|30
82|Fanta 24pk|14.0|40
93|Sprite 24pk|15.0|35
50|Coke 24pk|13.0|100
35|Cools 24pk|11.0|50
70|Pepsi 24pk|12.0|30
82|Fanta 24pk|14.0|40
93|Sprite 24pk|15.0|35
50|Coke 24pk|13.0|100
35|Cools 24pk|11.0|50
70|Pepsi 24pk|12.0|30
82|Fanta 24pk|14.0|40
93|Sprite 24pk|15.0|35
50|Coke 24pk|13.0|100
35|Cools 24pk|11.0|50
70|Pepsi 24pk|12.0|30
82|Fanta 24pk|14.0|40
93|Sprite 24pk|15.0|35
